Date,BRADESCO,BB,NUBANK,ITAÃš,CAIXA,BOVA
2019-03-01,23.415977478027344,51.310001373291016,,30.75,,
2019-03-06,23.2281494140625,50.630001068115234,,30.489999771118164,,90.76000213623047
2019-03-07,23.441020965576172,50.43000030517578,,31.170000076293945,,
2019-03-08,23.66641616821289,52.20000076293945,,31.579999923706055,,91.8499984741211
2019-03-11,24.630603790283203,53.79999923706055,,32.099998474121094,,
2019-03-12,24.899824142456055,53.34000015258789,,32.15999984741211,,94.4000015258789
2019-03-13,24.88730239868164,54.15999984741211,,32.5,,95.30999755859375
2019-03-14,24.79964828491211,53.75,,31.799999237060547,,
2019-03-15,24.918607711791992,54.209999084472656,,31.3700008392334,,
2019-03-18,25.100175857543945,53.79999923706055,,32.040000915527344,,
2019-03-19,24.605558395385742,52.650001525878906,,31.700000762939453,,
2019-03-20,24.142248153686523,51.470001220703125,,31.239999771118164,,
2019-03-21,23.384672164916992,50.38999938964844,,30.59000015258789,,93.01000213623047
2019-03-22,22.76483726501465,47.650001525878906,,29.850000381469727,,
2019-03-25,22.85249137878418,47.9900016784668,,29.649999618530273,,90.3499984741211
2019-03-26,22.927623748779297,49.119998931884766,,29.579999923706055,,91.91000366210938
2019-03-27,22.201351165771484,46.400001525878906,,28.799999237060547,,88.0999984741211
2019-03-28,23.165538787841797,48.02000045776367,,29.610000610351562,,91.0199966430664
2019-03-29,23.697721481323242,48.720001220703125,,29.850000381469727,,91.80999755859375
2019-04-01,23.741546630859375,49.20000076293945,,29.649999618530273,,92.3499984741211
2019-04-02,23.51615333557129,48.77000045776367,,29.399999618530273,,91.83000183105469
2019-04-03,23.215627670288086,48.25,,29.010000228881836,,91.16000366210938
2019-04-04,23.591283798217773,48.83000183105469,,29.450000762939453,,92.87000274658203
2019-04-05,23.71900749206543,49.11000061035156,,29.850000381469727,,93.55999755859375
2019-04-08,23.801652908325195,49.189998626708984,,29.700000762939453,,93.77999877929688
2019-04-09,23.658903121948242,48.45000076293945,,29.559999465942383,,92.69999694824219
2019-04-10,23.441020965576172,48.810001373291016,,29.31999969482422,,92.48999786376953
2019-04-11,23.193086624145508,48.349998474121094,,28.940000534057617,,91.37999725341797
2019-04-12,22.91510009765625,46.72999954223633,,28.639999389648438,,89.51000213623047
2019-04-15,22.734785079956055,46.86000061035156,,28.780000686645508,,89.80999755859375
2019-04-16,22.719758987426758,47.83000183105469,,28.579999923706055,,91.0
2019-04-17,22.59954833984375,47.20000076293945,,28.43000030517578,,90.0
2019-04-18,22.877534866333008,48.849998474121094,,28.81999969482422,,91.16000366210938
2019-04-22,22.87002182006836,48.34000015258789,,28.6200008392334,,91.19999694824219
2019-04-23,23.29075813293457,49.310001373291016,,29.149999618530273,,92.37000274658203
2019-04-24,23.29827117919922,48.310001373291016,,29.149999618530273,,91.5999984741211
2019-04-25,23.29075813293457,49.099998474121094,,29.329999923706055,,92.9000015258789
2019-04-26,23.29075813293457,49.349998474121094,,29.309999465942383,,92.62999725341797
2019-04-29,23.223140716552734,49.369998931884766,,29.350000381469727,,92.72000122070312
2019-04-30,23.29075813293457,49.68000030517578,,29.350000381469727,,92.87999725341797
2019-05-02,23.380916595458984,49.790000915527344,,29.459999084472656,,92.08000183105469
2019-05-03,23.839218139648438,50.08000183105469,,29.290000915527344,,92.5999984741211
2019-05-06,23.065364837646484,49.369998931884766,,28.68000030517578,,91.61000061035156
2019-05-07,22.742298126220703,49.4900016784668,,28.510000228881836,,90.9800033569336
2019-05-08,23.275732040405273,50.59000015258789,,28.729999542236328,,92.11000061035156
2019-05-09,22.81743049621582,51.029998779296875,,28.5,,91.37000274658203
2019-05-10,22.584522247314453,50.15999984741211,,28.200000762939453,,90.80000305175781
2019-05-13,21.938392639160156,48.369998931884766,,27.75,,88.30999755859375
2019-05-14,21.75056266784668,47.900001525878906,,27.639999389648438,,88.76000213623047
2019-05-15,21.555221557617188,47.11000061035156,,27.670000076293945,,87.87000274658203
2019-05-16,21.16453742980957,45.63999938964844,,27.440000534057617,,86.55999755859375
2019-05-17,21.337339401245117,44.849998474121094,,27.399999618530273,,86.73999786376953
2019-05-20,22.073627471923828,46.56999969482422,,28.040000915527344,,88.83000183105469
2019-05-21,23.02779769897461,49.22999954223633,,29.020000457763672,,91.19000244140625
2019-05-22,22.697219848632812,48.81999969482422,,29.170000076293945,,90.95999908447266
2019-05-23,22.70473289489746,48.900001525878906,,28.920000076293945,,90.43000030517578
2019-05-24,22.55447006225586,49.619998931884766,,28.700000762939453,,90.25
2019-05-27,22.877534866333008,50.59000015258789,,28.510000228881836,,91.5
2019-05-28,23.643875122070312,51.25,,29.260000228881836,,92.8499984741211
2019-05-29,24.079639434814453,51.20000076293945,,29.790000915527344,,93.05999755859375
2019-05-30,24.45529556274414,51.95000076293945,,30.149999618530273,,93.95999908447266
2019-05-31,24.530427932739258,51.849998474121094,,30.110000610351562,,93.58999633789062
2019-06-03,24.620586395263672,52.09000015258789,,30.239999771118164,,93.4800033569336
2019-06-04,24.5679931640625,52.939998626708984,,30.170000076293945,,93.80000305175781
2019-06-05,24.282493591308594,51.47999954223633,,29.709999084472656,,92.63999938964844
2019-06-06,24.605558395385742,52.790000915527344,,30.0,,93.69000244140625
2019-06-07,24.755821228027344,52.36000061035156,,30.190000534057617,,94.22000122070312
2019-06-10,24.530427932739258,51.869998931884766,,29.649999618530273,,93.8499984741211
2019-06-11,24.590532302856445,52.900001525878906,,29.969999313354492,,95.41999816894531
2019-06-12,24.63561248779297,52.2599983215332,,29.860000610351562,,94.66000366210938
2019-06-13,24.372652053833008,51.43000030517578,,29.479999542236328,,95.13999938964844
2019-06-14,24.042072296142578,50.52000045776367,,29.270000457763672,,94.51000213623047
2019-06-17,23.906835556030273,50.470001220703125,,29.420000076293945,,94.25
2019-06-18,24.18482208251953,51.650001525878906,,29.850000381469727,,95.7699966430664
2019-06-19,24.748308181762695,52.5,,30.309999465942383,,96.62999725341797
2019-06-21,25.319307327270508,52.90999984741211,,30.979999542236328,,98.22000122070312
2019-06-24,25.4320068359375,53.040000915527344,,30.940000534057617,,98.30999755859375
2019-06-25,24.99624252319336,52.54999923706055,,30.600000381469727,,96.36000061035156
2019-06-26,25.093914031982422,53.689998626708984,,31.200000762939453,,96.8499984741211
2019-06-27,25.169044494628906,53.79999923706055,,31.0,,97.06999969482422
2019-06-28,25.131479263305664,53.939998626708984,,31.1299991607666,,97.11000061035156
2019-07-01,25.169044494628906,53.880001068115234,,31.110000610351562,,97.44999694824219
2019-07-02,25.131479263305664,53.189998626708984,,30.799999237060547,,96.7699966430664
2019-07-03,25.604808807373047,54.29999923706055,,31.219999313354492,,98.31999969482422
2019-07-04,26.17580795288086,55.18000030517578,,31.530000686645508,,100.0
2019-07-05,26.378662109375,55.0,,31.799999237060547,,100.2699966430664
2019-07-08,26.551464080810547,54.95000076293945,,31.860000610351562,,100.55999755859375
2019-07-10,26.37114906311035,54.2599983215332,,31.56999969482422,,101.95999908447266
2019-07-11,26.07062339782715,53.20000076293945,,31.549999237060547,,101.20999908447266
2019-07-12,25.552215576171875,52.0,,31.3799991607666,,100.05000305175781
2019-07-15,25.559728622436523,51.689998626708984,,31.049999237060547,,100.04000091552734
2019-07-16,25.334335327148438,51.77000045776367,,31.15999984741211,,99.9000015258789
2019-07-17,25.42449188232422,51.779998779296875,,31.0,,100.01000213623047
2019-07-18,25.890308380126953,52.65999984741211,,31.729999542236328,,100.69999694824219
2019-07-19,25.567241668701172,52.0,,31.110000610351562,,99.5999984741211
2019-07-22,25.83771514892578,52.0099983215332,,31.549999237060547,,100.0
2019-07-23,25.84522819519043,51.400001525878906,,31.56999969482422,,100.0999984741211
2019-07-24,26.318557739257812,52.33000183105469,,31.68000030517578,,100.38999938964844
2019-07-25,25.026296615600586,50.119998931884766,,30.739999771118164,,98.80000305175781
2019-07-26,24.620586395263672,50.0,,31.100000381469727,,99.1500015258789
2019-07-29,24.620586395263672,50.45000076293945,,31.1200008392334,,99.55999755859375
2019-07-30,24.19233512878418,49.939998626708984,,30.3700008392334,,99.12000274658203
2019-07-31,23.373403549194336,49.220001220703125,,29.899999618530273,,97.9800033569336
2019-08-01,23.170547485351562,48.75,,29.989999771118164,,98.43000030517578
2019-08-02,23.102930068969727,48.7599983215332,,29.959999084472656,,98.77999877929688
2019-08-05,22.622087478637695,47.849998474121094,,29.670000076293945,,96.47000122070312
2019-08-06,23.18557357788086,48.5,,30.600000381469727,,98.44000244140625
2019-08-07,23.51615333557129,48.45000076293945,,31.799999237060547,,99.05000305175781
2019-08-08,23.643875122070312,48.79999923706055,,31.809999465942383,,100.36000061035156
2019-08-09,23.155521392822266,48.650001525878906,,31.809999465942383,,100.23999786376953
2019-08-12,22.614574432373047,47.0,,30.65999984741211,,98.16000366210938
2019-08-13,22.892560958862305,47.54999923706055,,30.950000762939453,,99.5199966430664
2019-08-14,22.28399658203125,45.88999938964844,,30.399999618530273,,96.6500015258789
2019-08-15,22.17129898071289,45.849998474121094,,30.190000534057617,,95.37999725341797
2019-08-16,22.231403350830078,45.72999954223633,,29.520000457763672,,96.1500015258789
2019-08-19,21.86326026916504,44.83000183105469,,29.399999618530273,,95.7699966430664
2019-08-20,21.63786506652832,44.790000915527344,,29.15999984741211,,95.54000091552734
2019-08-21,22.17129898071289,47.349998474121094,,29.549999237060547,,97.52999877929688
2019-08-22,21.712997436523438,46.650001525878906,,29.139999389648438,,96.3499984741211
2019-08-23,21.149511337280273,44.95000076293945,,28.8799991607666,,94.0199966430664
2019-08-26,21.05935287475586,44.7400016784668,,28.760000228881836,,92.6500015258789
2019-08-27,21.32231330871582,44.380001068115234,,29.010000228881836,,93.6500015258789
2019-08-28,21.202102661132812,44.0099983215332,,29.239999771118164,,94.58000183105469
2019-08-29,21.878286361694336,45.08000183105469,,29.469999313354492,,96.86000061035156
2019-08-30,22.76483726501465,46.2400016784668,,29.899999618530273,,97.61000061035156
2019-09-02,22.253944396972656,45.650001525878906,,29.31999969482422,,96.76000213623047
2019-09-03,21.765588760375977,44.79999923706055,,28.889999389648438,,95.9000015258789
2019-09-04,22.096168518066406,45.86000061035156,,28.8799991607666,,97.37000274658203
2019-09-05,22.637113571166992,47.459999084472656,,29.799999237060547,,98.44000244140625
2019-09-06,23.51615333557129,49.38999938964844,,30.68000030517578,,99.12999725341797
2019-09-09,23.83170509338379,50.0,,31.190000534057617,,99.33000183105469
2019-09-10,23.67392921447754,49.15999984741211,,30.889999389648438,,99.19000244140625
2019-09-11,23.741546630859375,47.9900016784668,,30.799999237060547,,99.75
2019-09-12,23.546205520629883,48.0,,30.729999542236328,,100.36000061035156
2019-09-13,23.275732040405273,47.13999938964844,,31.0,,99.58000183105469
2019-09-16,23.065364837646484,46.650001525878906,,30.309999465942383,,99.80000305175781
2019-09-17,23.33583641052246,47.29999923706055,,30.6299991607666,,100.76000213623047
2019-09-18,23.50864028930664,48.02000045776367,,30.739999771118164,,100.62999725341797
2019-09-19,23.193086624145508,46.77000045776367,,29.799999237060547,,100.44000244140625
2019-09-20,23.966941833496094,47.5099983215332,,30.139999389648438,,100.76000213623047
2019-09-23,23.7716007232666,47.279998779296875,,30.049999237060547,,100.77999877929688
2019-09-24,23.50864028930664,45.84000015258789,,29.739999771118164,,100.0
2019-09-25,23.734033584594727,45.540000915527344,,29.889999389648438,,100.44999694824219
2019-09-26,23.9368896484375,45.709999084472656,,30.549999237060547,,101.43000030517578
2019-09-27,23.914350509643555,45.34000015258789,,30.530000686645508,,101.23999786376953
2019-09-30,23.478586196899414,45.4900016784668,,30.1200008392334,,101.01000213623047
2019-10-01,23.275732040405273,44.95000076293945,,29.6299991607666,,100.05999755859375
2019-10-02,22.366640090942383,43.41999816894531,,28.959999084472656,,97.1500015258789
2019-10-03,22.39669418334961,45.290000915527344,,28.790000915527344,,97.72000122070312
2019-10-04,22.48685073852539,45.599998474121094,,29.040000915527344,,98.69000244140625
2019-10-07,22.141246795654297,43.79999923706055,,28.280000686645508,,96.80000305175781
2019-10-08,22.231403350830078,43.0099983215332,,28.079999923706055,,96.1500015258789
2019-10-09,23.117956161499023,44.20000076293945,,28.5,,97.5
2019-10-10,23.253192901611328,44.400001525878906,,28.75,,98.08000183105469
2019-10-11,23.591283798217773,45.22999954223633,,29.25,,99.97000122070312
2019-10-14,23.9368896484375,45.0,,29.530000686645508,,100.3499984741211
2019-10-15,24.169797897338867,44.380001068115234,,29.690000534057617,,100.58000183105469
2019-10-16,24.906084060668945,45.0,,29.899999618530273,,101.4000015258789
2019-10-17,24.56048011779785,44.90999984741211,,29.760000228881836,,101.05000305175781
2019-10-18,23.621337890625,46.060001373291016,,29.65999984741211,,100.75
2019-10-21,23.98948097229004,46.400001525878906,,30.06999969482422,,102.0
2019-10-22,24.620586395263672,47.400001525878906,,30.510000228881836,,103.23999786376953
2019-10-23,24.876033782958984,47.599998474121094,,30.959999084472656,,103.4000015258789
2019-10-24,24.83095359802246,47.29999923706055,,31.170000076293945,,103.0
2019-10-25,25.026296615600586,47.72999954223633,,31.260000228881836,,103.37000274658203
2019-10-28,25.770097732543945,48.790000915527344,,31.84000015258789,,103.94999694824219
2019-10-29,25.48459815979004,48.65999984741211,,31.3700008392334,,103.5
2019-10-30,25.74004554748535,49.41999816894531,,31.559999465942383,,104.29000091552734
2019-10-31,24.68069076538086,48.150001525878906,,31.170000076293945,,103.2300033569336
2019-11-01,24.41021728515625,47.959999084472656,,31.190000534057617,,104.2699966430664
2019-11-04,24.52291488647461,47.689998626708984,,31.329999923706055,,104.62999725341797
2019-11-05,24.936138153076172,47.9900016784668,,31.729999542236328,,104.66999816894531
2019-11-06,24.590532302856445,47.66999816894531,,31.729999542236328,,104.3499984741211
2019-11-07,24.808414459228516,47.66999816894531,,31.889999389648438,,105.30999755859375
2019-11-08,24.064613342285156,47.0,,31.360000610351562,,103.4000015258789
2019-11-11,24.177310943603516,47.2400016784668,,31.579999923706055,,104.23999786376953
2019-11-12,23.839218139648438,46.720001220703125,,30.920000076293945,,102.44999694824219
2019-11-13,23.741546630859375,45.95000076293945,,30.790000915527344,,102.37000274658203
2019-11-14,23.583770751953125,46.5099983215332,,30.889999389648438,,102.55000305175781
2019-11-18,23.40345573425293,46.529998779296875,,30.809999465942383,,102.0
2019-11-19,23.365890502929688,45.790000915527344,,30.299999237060547,,101.95999908447266
2019-11-21,23.636362075805664,46.380001068115234,,30.760000228881836,,103.5
2019-11-22,24.03455924987793,46.75,,30.729999542236328,,104.5999984741211
2019-11-25,23.688955307006836,46.599998474121094,,30.440000534057617,,104.25
2019-11-26,22.945154190063477,46.0,,29.979999542236328,,103.44000244140625
2019-11-27,23.268218994140625,47.34000015258789,,30.200000762939453,,103.68000030517578
2019-11-28,23.24567985534668,47.599998474121094,,29.860000610351562,,104.37999725341797
2019-11-29,23.478586196899414,47.810001373291016,,29.959999084472656,,104.3499984741211
2019-12-02,23.71149444580078,47.43000030517578,,30.31999969482422,,104.80999755859375
2019-12-03,23.583770751953125,48.38999938964844,,30.399999618530273,,105.0
2019-12-04,24.117204666137695,49.09000015258789,,31.25,,106.0999984741211
2019-12-05,24.282493591308594,48.66999816894531,,31.31999969482422,,106.44000244140625
2019-12-06,24.267467498779297,48.470001220703125,,30.969999313354492,,106.93000030517578
2019-12-09,24.064613342285156,48.619998931884766,,31.290000915527344,,106.7699966430664
2019-12-10,23.974454879760742,47.91999816894531,,31.09000015258789,,106.58000183105469
2019-12-11,23.92937660217285,47.849998474121094,,30.8799991607666,,106.75
2019-12-12,24.214876174926758,48.90999984741211,,30.950000762939453,,107.8499984741211
2019-12-13,24.432756423950195,48.529998779296875,,31.59000015258789,,108.30999755859375
2019-12-16,24.064613342285156,47.869998931884766,,31.040000915527344,,107.72000122070312
2019-12-17,24.447782516479492,48.95000076293945,,31.450000762939453,,108.41000366210938
2019-12-18,25.394439697265625,50.63999938964844,,31.559999465942383,,110.16000366210938
2019-12-19,25.770097732543945,51.15999984741211,,31.649999618530273,,110.81999969482422
2019-12-20,25.033809661865234,51.060001373291016,,31.389999389648438,,110.83999633789062
2019-12-23,25.537189483642578,52.599998474121094,,31.799999237060547,,111.66999816894531
2019-12-26,25.807662963867188,53.20000076293945,,32.279998779296875,,112.80999755859375
2019-12-27,25.64237403869629,52.970001220703125,,32.15999984741211,,112.16999816894531
2019-12-30,25.5972957611084,52.81999969482422,,32.029998779296875,,111.2300033569336
2020-01-02,26.626596450805664,53.79999923706055,,32.599998474121094,,114.23999786376953
2020-01-03,26.198347091674805,53.709999084472656,,32.33000183105469,,113.80000305175781
2020-01-06,26.048084259033203,53.0,,32.0,,112.58999633789062
2020-01-07,25.604808807373047,52.599998474121094,,31.3799991607666,,112.23999786376953
2020-01-08,25.21412467956543,52.119998931884766,,31.059999465942383,,111.94999694824219
2020-01-09,24.966190338134766,51.060001373291016,,30.770000457763672,,111.66000366210938
2020-01-10,24.530427932739258,49.86000061035156,,30.399999618530273,,111.27999877929688
2020-01-13,24.83095359802246,50.41999816894531,,30.829999923706055,,113.08000183105469
2020-01-14,24.883546829223633,50.150001525878906,,30.68000030517578,,113.31999969482422
2020-01-15,24.312545776367188,49.22999954223633,,30.239999771118164,,112.18000030517578
2020-01-16,24.710742950439453,49.45000076293945,,30.290000915527344,,112.3499984741211
2020-01-17,25.229150772094727,50.119998931884766,,30.770000457763672,,114.0999984741211
2020-01-20,24.83846664428711,49.79999923706055,,30.229999542236328,,114.41000366210938
2020-01-21,23.974454879760742,48.36000061035156,,29.5,,112.6500015258789
2020-01-22,24.177310943603516,48.7400016784668,,29.979999542236328,,114.0999984741211
2020-01-23,24.83095359802246,51.47999954223633,,30.6200008392334,,115.20999908447266
2020-01-24,24.695716857910156,50.79999923706055,,30.239999771118164,,114.0
2020-01-27,24.042072296142578,50.29999923706055,,29.8700008392334,,110.29000091552734
2020-01-28,24.1021785736084,50.709999084472656,,29.610000610351562,,112.30000305175781
2020-01-29,23.591283798217773,49.459999084472656,,29.350000381469727,,110.87999725341797
2020-01-30,23.816679000854492,49.79999923706055,,29.75,,111.19000244140625
2020-01-31,23.55371856689453,48.540000915527344,,29.440000534057617,,108.9000015258789
2020-02-03,23.726520538330078,48.779998779296875,,29.579999923706055,,110.41999816894531
2020-02-04,23.801652908325195,48.25,,29.780000686645508,,111.20999908447266
2020-02-05,24.237415313720703,50.400001525878906,,29.81999969482422,,111.7699966430664
2020-02-06,23.899322509765625,49.54999923706055,,29.690000534057617,,110.94999694824219
2020-02-07,23.82419204711914,49.599998474121094,,29.770000457763672,,109.3499984741211
2020-02-10,23.951915740966797,49.11000061035156,,30.049999237060547,,108.79000091552734
2020-02-11,24.605558395385742,51.31999969482422,,31.309999465942383,,111.30000305175781
2020-02-12,24.25244140625,51.619998931884766,,31.469999313354492,,112.44999694824219
2020-02-13,23.681442260742188,50.81999969482422,,30.90999984741211,,110.9000015258789
2020-02-14,23.042823791503906,49.849998474121094,,30.510000228881836,,110.08000183105469
2020-02-17,22.91510009765625,49.099998474121094,,30.350000381469727,,110.80000305175781
2020-02-18,22.742298126220703,49.56999969482422,,30.31999969482422,,111.13999938964844
2020-02-19,22.877534866333008,49.689998626708984,,30.6200008392334,,112.08000183105469
2020-02-20,22.359128952026367,49.18000030517578,,30.59000015258789,,110.19999694824219
2020-02-21,22.06611442565918,49.220001220703125,,29.3799991607666,,109.44999694824219
2020-02-26,20.450788497924805,45.22999954223633,,28.190000534057617,,101.9000015258789
2020-02-27,20.022539138793945,45.790000915527344,,28.170000076293945,,99.19999694824219
2020-02-28,20.503379821777344,46.86000061035156,,28.610000610351562,,100.5999984741211
2020-03-02,20.74380111694336,47.150001525878906,,28.600000381469727,,102.98999786376953
2020-03-03,20.398195266723633,45.77000045776367,,28.309999465942383,,101.75
2020-03-04,20.555971145629883,45.81999969482422,,28.600000381469727,,103.0999984741211
2020-03-05,19.947406768798828,43.11000061035156,,28.1200008392334,,98.79000091552734
2020-03-06,19.316303253173828,42.29999923706055,,27.209999084472656,,94.4000015258789
2020-03-09,17.422990798950195,37.630001068115234,,26.0,,82.69999694824219
2020-03-10,17.92637062072754,39.61000061035156,,26.639999389648438,,88.62999725341797
2020-03-11,16.506385803222656,36.189998626708984,,25.299999237060547,,82.05999755859375
2020-03-12,14.402704238891602,31.25,,22.75,,70.0999984741211
2020-03-13,16.75432014465332,36.4900016784668,,25.260000228881836,,79.48999786376953
2020-03-16,14.350111961364746,30.399999618530273,,22.75,,68.4000015258789
2020-03-17,15.266716003417969,31.8700008392334,,23.790000915527344,,71.0
2020-03-18,14.034560203552246,26.610000610351562,,21.760000228881836,,65.01000213623047
2020-03-19,13.546204566955566,25.56999969482422,,22.200000762939453,,65.0
2020-03-20,12.764838218688965,24.600000381469727,,21.100000381469727,,64.7699966430664
2020-03-23,11.78061580657959,22.1299991607666,,19.700000762939453,,61.13999938964844
2020-03-24,13.441020965576172,25.920000076293945,,20.530000686645508,,67.4000015258789
2020-03-25,14.507887840270996,29.030000686645508,,21.649999618530273,,71.7300033569336
2020-03-26,15.018781661987305,30.489999771118164,,23.030000686645508,,74.56999969482422
2020-03-27,14.147256851196289,28.239999771118164,,22.170000076293945,,70.22000122070312
2020-03-30,14.462808609008789,28.989999771118164,,22.829999923706055,,71.97000122070312
2020-03-31,14.132230758666992,27.889999389648438,,22.079999923706055,,69.3499984741211
2020-04-01,13.516153335571289,26.709999084472656,,20.760000228881836,,68.18000030517578
2020-04-02,13.816679000854492,27.020000457763672,,20.940000534057617,,69.62999725341797
2020-04-03,13.275732040405273,25.5,,19.989999771118164,,66.9000015258789
2020-04-06,14.620586395263672,27.860000610351562,,21.010000228881836,,71.56999969482422
2020-04-07,15.432005882263184,29.170000076293945,,22.200000762939453,,73.51000213623047
2020-04-08,15.709992408752441,29.729999542236328,,22.959999084472656,,75.7300033569336
2020-04-09,15.537190437316895,29.649999618530273,,22.75,,74.87000274658203
2020-04-13,15.957925796508789,30.239999771118164,,22.799999237060547,,75.95999908447266
2020-04-14,16.34710693359375,30.209999084472656,,22.829999923706055,,76.8499984741211
2020-04-15,15.702479362487793,29.649999618530273,,22.260000228881836,,76.05000305175781
2020-04-16,15.39669418334961,28.799999237060547,,22.0,,74.93000030517578
2020-04-17,15.595041275024414,29.579999923706055,,22.1299991607666,,76.0
2020-04-20,15.223139762878418,28.989999771118164,,22.030000686645508,,75.66000366210938
2020-04-22,15.223139762878418,28.860000610351562,,21.790000915527344,,77.69999694824219
2020-04-23,14.785122871398926,28.049999237060547,,21.239999771118164,,76.6500015258789
2020-04-24,13.165288925170898,24.299999237060547,,20.489999771118164,,72.41000366210938
2020-04-27,13.595041275024414,25.690000534057617,,20.729999542236328,,75.29000091552734
2020-04-28,14.933883666992188,29.139999389648438,,22.479999542236328,,78.30000305175781
2020-04-29,15.512395858764648,29.559999465942383,,22.719999313354492,,80.18000030517578
2020-04-30,14.512395858764648,28.5,,22.0,,77.20999908447266
2020-05-04,13.958677291870117,27.760000228881836,,21.100000381469727,,76.0999984741211
2020-05-05,13.925619125366211,27.799999237060547,,21.799999237060547,,76.54000091552734
2020-05-06,13.603304862976074,26.989999771118164,,21.5,,76.19999694824219
2020-05-07,13.157024383544922,26.260000228881836,,20.799999237060547,,75.4000015258789
2020-05-08,13.74380111694336,27.100000381469727,,21.34000015258789,,77.43000030517578
2020-05-11,13.504132270812988,27.270000457763672,,21.709999084472656,,76.13999938964844
2020-05-12,13.074379920959473,26.309999465942383,,20.899999618530273,,75.0
2020-05-13,12.97520637512207,25.549999237060547,,20.850000381469727,,75.1500015258789
2020-05-14,13.537190437316895,26.649999618530273,,21.489999771118164,,76.25
2020-05-15,13.066115379333496,26.149999618530273,,20.649999618530273,,74.55999755859375
2020-05-18,13.68595027923584,27.399999618530273,,21.3799991607666,,78.02999877929688
2020-05-19,13.223139762878418,26.65999984741211,,20.6200008392334,,77.6500015258789
2020-05-20,13.471074104309082,27.329999923706055,,20.75,,78.44999694824219
2020-05-21,14.29751968383789,29.260000228881836,,21.510000228881836,,79.97000122070312
2020-05-22,14.066115379333496,28.510000228881836,,21.639999389648438,,79.94000244140625
2020-05-25,15.190081596374512,31.5,,22.68000030517578,,82.5999984741211
2020-05-26,14.504132270812988,30.790000915527344,,21.899999618530273,,82.44999694824219
2020-05-27,14.735536575317383,30.899999618530273,,22.739999771118164,,84.68000030517578
2020-05-28,14.603304862976074,30.790000915527344,,22.219999313354492,,83.6500015258789
2020-05-29,14.710742950439453,30.84000015258789,,21.940000534057617,,84.1500015258789
2020-06-01,15.181818008422852,31.799999237060547,,22.549999237060547,,85.33000183105469
2020-06-02,15.74380111694336,32.81999969482422,,23.739999771118164,,87.77999877929688
2020-06-03,16.454544067382812,34.75,,24.5,,89.37000274658203
2020-06-04,16.520660400390625,34.939998626708984,,25.200000762939453,,90.30999755859375
2020-06-05,16.90082550048828,35.20000076293945,,25.729999542236328,,91.05000305175781
2020-06-08,17.710742950439453,36.38999938964844,,26.309999465942383,,93.94999694824219
2020-06-09,17.5289249420166,35.790000915527344,,26.040000915527344,,92.94999694824219
2020-06-10,16.826446533203125,34.209999084472656,,25.110000610351562,,91.16999816894531
2020-06-12,16.438016891479492,33.349998474121094,,24.469999313354492,,89.25
2020-06-15,16.157024383544922,33.06999969482422,,23.799999237060547,,89.06999969482422
2020-06-16,16.685949325561523,33.5,,24.299999237060547,,90.0
2020-06-17,16.909090042114258,34.5,,24.520000457763672,,91.94999694824219
2020-06-18,16.90082550048828,34.400001525878906,,25.149999618530273,,92.62999725341797
2020-06-19,16.520660400390625,33.939998626708984,,26.389999389648438,,92.63999938964844
2020-06-22,16.231403350830078,33.2400016784668,,25.309999465942383,,91.75
2020-06-23,16.239669799804688,33.529998779296875,,25.09000015258789,,92.26000213623047
2020-06-24,15.884297370910645,32.220001220703125,,24.549999237060547,,90.7699966430664
2020-06-25,16.223140716552734,33.0099983215332,,24.690000534057617,,92.38999938964844
2020-06-26,15.768594741821289,31.81999969482422,,24.110000610351562,,90.22000122070312
2020-06-29,16.1652889251709,33.439998626708984,,24.729999542236328,,92.30000305175781
2020-06-30,15.669421195983887,32.150001525878906,,24.0,,91.62000274658203
2020-07-01,15.933883666992188,33.06999969482422,,24.309999465942383,,92.68000030517578
2020-07-02,16.057851791381836,33.15999984741211,,24.56999969482422,,92.5
2020-07-03,16.057851791381836,33.5,,24.540000915527344,,93.19000244140625
2020-07-06,17.132230758666992,34.66999816894531,,25.360000610351562,,95.30999755859375
2020-07-07,16.429752349853516,33.279998779296875,,24.760000228881836,,94.0999984741211
2020-07-08,16.991735458374023,34.09000015258789,,25.149999618530273,,96.0999984741211
2020-07-09,16.776859283447266,33.959999084472656,,25.1299991607666,,95.41000366210938
2020-07-10,16.90082550048828,34.13999938964844,,25.270000457763672,,96.33999633789062
2020-07-13,16.561983108520508,33.79999923706055,,24.979999542236328,,95.05000305175781
2020-07-14,16.79338836669922,34.349998474121094,,25.209999084472656,,96.5999984741211
2020-07-15,17.14049530029297,34.689998626708984,,25.360000610351562,,98.02999877929688
2020-07-16,16.85950469970703,34.400001525878906,,24.989999771118164,,96.81999969482422
2020-07-17,17.18181800842285,35.459999084472656,,25.09000015258789,,99.12999725341797
2020-07-20,17.39669418334961,35.31999969482422,,25.350000381469727,,100.5
2020-07-21,17.685949325561523,35.4900016784668,,25.59000015258789,,100.29000091552734
2020-07-22,17.471073150634766,35.20000076293945,,25.299999237060547,,100.37999725341797
2020-07-23,17.25619888305664,34.349998474121094,,24.8700008392334,,98.4000015258789
2020-07-24,17.123966217041016,33.95000076293945,,24.75,,98.58999633789062
2020-07-27,17.83470916748047,34.90999984741211,,25.649999618530273,,100.45999908447266
2020-07-28,17.702478408813477,35.029998779296875,,25.6200008392334,,100.05000305175781
2020-07-29,18.231403350830078,35.95000076293945,,26.09000015258789,,101.4800033569336
2020-07-30,17.76859474182129,34.79999923706055,,25.760000228881836,,101.30999755859375
2020-07-31,17.132230758666992,33.58000183105469,,24.899999618530273,,99.29000091552734
2020-08-03,17.06611442565918,34.349998474121094,,25.200000762939453,,99.19999694824219
2020-08-04,16.545454025268555,33.29999923706055,,24.09000015258789,,97.5999984741211
2020-08-05,16.644628524780273,33.33000183105469,,24.100000381469727,,98.98999786376953
2020-08-06,16.876033782958984,34.349998474121094,,24.5,,100.16999816894531
2020-08-07,16.76859474182129,34.11000061035156,,24.059999465942383,,98.83000183105469
2020-08-10,16.909090042114258,34.43000030517578,,24.329999923706055,,99.54000091552734
2020-08-11,16.6942138671875,33.93000030517578,,24.149999618530273,,98.19999694824219
2020-08-12,16.611570358276367,33.75,,24.049999237060547,,98.33000183105469
2020-08-13,16.123966217041016,33.06999969482422,,23.399999618530273,,96.51000213623047
2020-08-14,16.25619888305664,33.18000030517578,,23.399999618530273,,97.47000122070312
2020-08-17,15.826445579528809,32.33000183105469,,22.93000030517578,,95.83000183105469
2020-08-18,16.049585342407227,32.77000045776367,,23.170000076293945,,98.25
2020-08-19,15.991735458374023,32.619998931884766,,23.079999923706055,,97.0
2020-08-20,15.884297370910645,32.650001525878906,,23.020000457763672,,97.66999816894531
2020-08-21,15.958677291870117,32.95000076293945,,23.059999465942383,,97.5999984741211
2020-08-24,16.20661163330078,33.45000076293945,,23.3700008392334,,98.5
2020-08-25,16.198347091674805,33.25,,23.280000686645508,,98.3499984741211
2020-08-26,15.834710121154785,32.45000076293945,,22.770000457763672,,96.62999725341797
2020-08-27,16.1652889251709,32.75,,22.989999771118164,,96.87000274658203
2020-08-28,16.471073150634766,33.38999938964844,,23.229999542236328,,98.30000305175781
2020-08-31,15.727272033691406,32.650001525878906,,22.559999465942383,,95.69999694824219
2020-09-01,16.214876174926758,33.209999084472656,,23.15999984741211,,98.3499984741211
2020-09-02,16.198347091674805,33.25,,23.06999969482422,,98.1500015258789
2020-09-03,16.818180084228516,33.77000045776367,,23.3700008392334,,96.95999908447266
2020-09-04,16.79338836669922,33.95000076293945,,23.760000228881836,,97.41999816894531
2020-09-08,16.471073150634766,33.2599983215332,,23.239999771118164,,96.80000305175781
2020-09-09,16.51239585876465,33.220001220703125,,23.110000610351562,,97.5
2020-09-10,15.958677291870117,32.529998779296875,,22.719999313354492,,95.04000091552734
2020-09-11,15.595041275024414,32.0,,22.40999984741211,,94.4800033569336
2020-09-14,15.834710121154785,32.36000061035156,,22.709999084472656,,96.51000213623047
2020-09-15,15.63636302947998,31.989999771118164,,22.469999313354492,,96.45999908447266
2020-09-16,15.735536575317383,32.09000015258789,,22.309999465942383,,95.91000366210938
2020-09-17,15.793388366699219,32.150001525878906,,22.329999923706055,,96.37000274658203
2020-09-18,15.512395858764648,31.34000015258789,,22.010000228881836,,94.63999938964844
2020-09-21,15.239668846130371,30.8799991607666,,21.8700008392334,,93.4000015258789
2020-09-22,15.39669418334961,30.81999969482422,,21.940000534057617,,93.66999816894531
2020-09-23,14.991735458374023,30.18000030517578,,21.520000457763672,,92.16999816894531
2020-09-24,15.231404304504395,30.420000076293945,,21.829999923706055,,93.30000305175781
2020-09-25,15.198347091674805,30.299999237060547,,21.780000686645508,,93.5
2020-09-28,15.05785083770752,30.510000228881836,,21.770000457763672,,91.19999694824219
2020-09-29,14.785122871398926,29.760000228881836,,21.329999923706055,,89.91999816894531
2020-09-30,14.892560958862305,29.6200008392334,,21.3799991607666,,91.05000305175781
2020-10-01,14.917354583740234,29.790000915527344,,21.469999313354492,,91.91000366210938
2020-10-02,14.97520637512207,29.709999084472656,,21.520000457763672,,90.11000061035156
2020-10-05,15.305785179138184,30.229999542236328,,21.56999969482422,,92.63999938964844
2020-10-06,15.214876174926758,30.030000686645508,,21.5,,92.02999877929688
2020-10-07,15.016528129577637,29.809999465942383,,21.43000030517578,,91.94999694824219
2020-10-08,15.867768287658691,31.25,,22.510000228881836,,94.2699966430664
2020-10-09,15.834710121154785,31.040000915527344,,22.43000030517578,,93.6500015258789
2020-10-13,15.842974662780762,31.049999237060547,,22.360000610351562,,94.80000305175781
2020-10-14,15.876032829284668,30.850000381469727,,22.200000762939453,,95.58999633789062
2020-10-15,15.842974662780762,31.059999465942383,,22.049999237060547,,95.33999633789062
2020-10-16,15.421486854553223,30.270000457763672,,21.690000534057617,,94.54000091552734
2020-10-19,15.611570358276367,30.600000381469727,,21.850000381469727,,95.0
2020-10-20,16.190082550048828,32.0099983215332,,22.59000015258789,,96.66999816894531
2020-10-21,16.338842391967773,32.25,,22.729999542236328,,96.6500015258789
2020-10-22,16.892560958862305,33.650001525878906,,23.649999618530273,,98.05999755859375
2020-10-23,16.85950469970703,33.529998779296875,,23.40999984741211,,97.44000244140625
2020-10-26,17.049585342407227,33.5,,23.6299991607666,,97.2300033569336
2020-10-27,16.611570358276367,32.779998779296875,,23.020000457763672,,95.68000030517578
2020-10-28,15.611570358276367,31.139999389648438,,22.110000610351562,,91.55999755859375
2020-10-29,15.487603187561035,30.959999084472656,,22.510000228881836,,92.80000305175781
2020-10-30,15.016528129577637,29.799999237060547,,21.979999542236328,,90.66000366210938
2020-11-03,15.39669418334961,30.100000381469727,,22.280000686645508,,92.26000213623047
2020-11-04,15.388428688049316,30.31999969482422,,23.149999618530273,,94.16000366210938
2020-11-05,15.68595027923584,30.690000534057617,,23.65999984741211,,96.94999694824219
2020-11-06,15.702479362487793,30.489999771118164,,23.75,,97.19000244140625
2020-11-09,17.132230758666992,32.70000076293945,,25.360000610351562,,99.5
2020-11-10,18.09090805053711,34.369998931884766,,26.030000686645508,,101.0
2020-11-11,18.123966217041016,34.15999984741211,,25.940000534057617,,100.88999938964844
2020-11-12,17.48760223388672,32.72999954223633,,25.25,,98.69999694824219
2020-11-13,17.966941833496094,33.04999923706055,,25.790000915527344,,100.83000183105469
2020-11-16,18.752065658569336,33.900001525878906,,26.5,,102.51000213623047
2020-11-17,18.85950469970703,34.20000076293945,,26.469999313354492,,103.0999984741211
2020-11-18,18.42148780822754,34.279998779296875,,25.860000610351562,,101.91999816894531
2020-11-19,18.42148780822754,34.619998931884766,,25.979999542236328,,102.7300033569336
2020-11-23,18.289255142211914,34.52000045776367,,26.049999237060547,,103.27999877929688
2020-11-24,18.958677291870117,35.439998626708984,,26.6299991607666,,105.72000122070312
2020-11-25,18.652891159057617,35.34000015258789,,26.360000610351562,,105.83000183105469
2020-11-26,18.330577850341797,34.779998779296875,,25.889999389648438,,106.0199966430664
2020-11-27,18.198347091674805,34.61000061035156,,26.1200008392334,,106.44000244140625
2020-11-30,17.892560958862305,33.86000061035156,,25.760000228881836,,105.0
2020-12-01,18.842975616455078,34.790000915527344,,26.770000457763672,,107.05000305175781
2020-12-02,19.0,34.939998626708984,,26.790000915527344,,107.75
2020-12-03,18.867767333984375,35.2400016784668,,26.799999237060547,,108.1500015258789
2020-12-04,18.966941833496094,35.97999954223633,,26.940000534057617,,109.43000030517578
2020-12-07,19.033056259155273,36.150001525878906,,27.020000457763672,,109.30999755859375
2020-12-08,18.826446533203125,36.459999084472656,,26.84000015258789,,109.44000244140625
2020-12-09,18.785123825073242,35.959999084472656,,27.1200008392334,,108.7699966430664
2020-12-10,19.60330581665039,37.83000183105469,,27.90999984741211,,110.69999694824219
2020-12-11,19.57851219177246,38.4900016784668,,27.68000030517578,,110.79000091552734
2020-12-14,19.619834899902344,38.5,,27.239999771118164,,110.19999694824219
2020-12-15,19.727272033691406,38.9900016784668,,27.43000030517578,,111.76000213623047
2020-12-16,20.190082550048828,39.349998474121094,,28.09000015258789,,113.3499984741211
2020-12-17,20.446279525756836,39.38999938964844,,28.09000015258789,,113.98999786376953
2020-12-18,20.289255142211914,39.099998474121094,,28.040000915527344,,113.5
2020-12-21,19.79338836669922,37.790000915527344,,27.40999984741211,,111.43000030517578
2020-12-22,20.107437133789062,38.290000915527344,,27.579999923706055,,112.25
2020-12-23,20.537189483642578,38.91999816894531,,28.0,,113.13999938964844
2020-12-28,20.710742950439453,39.349998474121094,,28.43000030517578,,114.69999694824219
2020-12-29,20.39669418334961,39.119998931884766,,28.31999969482422,,114.97000122070312
2020-12-30,20.0,38.79999923706055,,27.93000030517578,,115.55000305175781
2021-01-04,19.504131317138672,37.59000015258789,,27.450000762939453,,114.08999633789062
2021-01-05,19.39669418334961,37.20000076293945,,27.3799991607666,,114.69000244140625
2021-01-06,19.884296417236328,38.04999923706055,,28.0,,114.55000305175781
2021-01-07,20.37190055847168,39.560001373291016,,28.899999618530273,,118.37000274658203
2021-01-08,20.214876174926758,39.790000915527344,,28.989999771118164,,120.4000015258789
2021-01-11,19.909090042114258,39.13999938964844,,28.420000076293945,,118.62000274658203
2021-01-12,19.917354583740234,39.5,,28.530000686645508,,119.44999694824219
2021-01-13,19.545454025268555,37.54999923706055,,28.100000381469727,,117.36000061035156
2021-01-14,20.1652889251709,37.459999084472656,,28.709999084472656,,118.68000030517578
2021-01-15,19.42148780822754,36.29999923706055,,27.889999389648438,,115.77999877929688
2021-01-18,19.504131317138672,35.93000030517578,,27.799999237060547,,116.54000091552734
2021-01-19,19.14049530029297,35.31999969482422,,27.579999923706055,,116.0
2021-01-20,18.760330200195312,34.529998779296875,,27.15999984741211,,115.23999786376953
2021-01-21,18.42148780822754,34.18000030517578,,26.739999771118164,,113.80999755859375
2021-01-22,18.11570167541504,33.689998626708984,,26.09000015258789,,113.18000030517578
2021-01-26,17.727272033691406,32.790000915527344,,25.489999771118164,,112.08000183105469
2021-01-27,17.876033782958984,33.75,,25.489999771118164,,110.95999908447266
2021-01-28,18.429752349853516,34.540000915527344,,26.56999969482422,,114.51000213623047
2021-01-29,17.884296417236328,33.86000061035156,,25.81999969482422,,110.55999755859375
2021-02-01,18.264461517333984,34.290000915527344,,26.31999969482422,,113.05999755859375
2021-02-02,18.214876174926758,34.060001373291016,,25.93000030517578,,113.8499984741211
2021-02-03,18.330577850341797,34.33000183105469,,25.84000015258789,,115.25
2021-02-04,18.892560958862305,34.189998626708984,,25.729999542236328,,114.62000274658203
2021-02-05,18.76859474182129,33.959999084472656,,25.610000610351562,,115.81999969482422
2021-02-08,18.429752349853516,33.869998931884766,,25.139999389648438,,115.18000030517578
2021-02-09,18.60330581665039,34.279998779296875,,25.290000915527344,,114.91000366210938
2021-02-10,18.42148780822754,33.810001373291016,,25.1299991607666,,113.91999816894531
2021-02-11,18.471073150634766,33.939998626708984,,25.139999389648438,,114.9000015258789
2021-02-12,18.51239585876465,33.75,,25.110000610351562,,115.05000305175781
2021-02-17,18.32231330871582,33.36000061035156,,25.18000030517578,,115.86000061035156
2021-02-18,18.057851791381836,33.2599983215332,,25.15999984741211,,114.61000061035156
2021-02-19,17.991735458374023,32.630001068115234,,24.959999084472656,,113.81999969482422
2021-02-22,16.966941833496094,28.829999923706055,,23.579999923706055,,108.25
2021-02-23,17.74380111694336,30.43000030517578,,24.950000762939453,,110.76000213623047
2021-02-24,17.62809944152832,30.309999465942383,,24.469999313354492,,111.45999908447266
2021-02-25,17.173553466796875,29.459999084472656,,23.790000915527344,,107.52999877929688
2021-02-26,17.01652717590332,28.049999237060547,,23.3700008392334,,105.58999633789062
2021-03-01,16.46280860900879,27.860000610351562,,22.700000762939453,,105.94000244140625
2021-03-02,16.735536575317383,28.93000030517578,,23.520000457763672,,107.5
2021-03-03,17.07438087463379,28.989999771118164,,23.520000457763672,,107.16000366210938
2021-03-04,17.644628524780273,30.040000915527344,,23.959999084472656,,108.56999969482422
2021-03-05,18.611570358276367,30.600000381469727,,24.81999969482422,,110.93000030517578
2021-03-08,17.892560958862305,29.200000762939453,,23.959999084472656,,105.3499984741211
2021-03-09,17.917354583740234,28.989999771118164,,24.280000686645508,,107.19000244140625
2021-03-10,18.190082550048828,29.899999618530273,,24.43000030517578,,108.62999725341797
2021-03-11,18.55371856689453,30.049999237060547,,24.5,,110.44999694824219
2021-03-12,18.289255142211914,30.0,,24.399999618530273,,109.68000030517578
2021-03-15,18.471073150634766,29.790000915527344,,24.6299991607666,,110.66000366210938
2021-03-16,18.14049530029297,29.8700008392334,,24.309999465942383,,109.69000244140625
2021-03-17,18.785123825073242,30.700000762939453,,24.979999542236328,,112.05000305175781
2021-03-18,19.132230758666992,30.440000534057617,,25.06999969482422,,110.5
2021-03-19,19.25619888305664,30.700000762939453,,25.09000015258789,,111.69999694824219
2021-03-22,19.173553466796875,30.790000915527344,,25.209999084472656,,110.69000244140625
2021-03-23,18.983470916748047,29.68000030517578,,24.780000686645508,,109.0199966430664
2021-03-24,18.685949325561523,29.139999389648438,,24.5,,107.87000274658203
2021-03-25,19.06611442565918,29.559999465942383,,24.860000610351562,,109.37999725341797
2021-03-26,19.223140716552734,29.65999984741211,,25.200000762939453,,110.27999877929688
2021-03-29,19.363636016845703,29.799999237060547,,24.959999084472656,,110.95999908447266
2021-03-30,19.818180084228516,30.719999313354492,,25.43000030517578,,112.43000030517578
2021-03-31,19.429752349853516,30.450000762939453,,25.110000610351562,,112.0199966430664
2021-04-01,18.760330200195312,29.950000762939453,,24.469999313354492,,110.68000030517578
2021-04-05,18.97520637512207,29.90999984741211,,24.600000381469727,,113.20999908447266
2021-04-06,18.595041275024414,29.549999237060547,,24.329999923706055,,113.2699966430664
2021-04-07,18.471073150634766,29.360000610351562,,24.31999969482422,,113.18000030517578
2021-04-08,18.446279525756836,29.110000610351562,,24.079999923706055,,113.75
2021-04-09,18.314048767089844,29.190000534057617,,23.979999542236328,,113.01000213623047
2021-04-12,18.702478408813477,29.549999237060547,,24.40999984741211,,114.4000015258789
2021-04-13,18.60330581665039,29.549999237060547,,24.420000076293945,,114.66999816894531
2021-04-14,18.776859283447266,29.600000381469727,,24.670000076293945,,115.5999984741211
2021-04-15,18.842975616455078,29.639999389648438,,24.670000076293945,,116.19999694824219
2021-04-16,19.107437133789062,29.770000457763672,,24.809999465942383,,116.45999908447266
2021-04-19,18.872726440429688,29.6200008392334,,24.579999923706055,,116.33999633789062
2021-04-20,18.59090805053711,30.100000381469727,,24.43000030517578,,115.4800033569336
2021-04-22,18.436363220214844,29.829999923706055,,24.420000076293945,,114.94999694824219
2021-04-23,18.790908813476562,30.06999969482422,,24.600000381469727,,115.97000122070312
2021-04-26,18.790908813476562,30.100000381469727,,24.479999542236328,,115.94999694824219
2021-04-27,18.636362075805664,29.770000457763672,,24.200000762939453,,114.77999877929688
2021-04-28,19.527271270751953,30.299999237060547,,25.059999465942383,,116.4000015258789
2021-04-29,18.863636016845703,29.639999389648438,,24.489999771118164,,115.31999969482422
2021-04-30,18.790908813476562,29.639999389648438,,24.459999084472656,10.010000228881836,114.4000015258789
2021-05-03,19.336362838745117,29.75,,24.799999237060547,9.880000114440918,114.68000030517578
2021-05-04,18.727272033691406,29.3700008392334,,23.8799991607666,9.699999809265137,113.2699966430664
2021-05-05,18.85454559326172,29.260000228881836,,24.510000228881836,9.9399995803833,115.1500015258789
2021-05-06,18.909090042114258,29.209999084472656,,24.190000534057617,10.390000343322754,115.43000030517578
2021-05-07,19.081817626953125,29.940000534057617,,24.510000228881836,10.949999809265137,117.45999908447266
2021-05-10,19.51818084716797,30.329999923706055,,24.93000030517578,11.229999542236328,117.13999938964844
2021-05-11,19.4818172454834,30.549999237060547,,24.799999237060547,11.829999923706055,118.12999725341797
2021-05-12,19.063636779785156,30.350000381469727,,24.440000534057617,11.649999618530273,115.2699966430664
2021-05-13,19.64545440673828,31.15999984741211,,25.18000030517578,12.140000343322754,116.04000091552734
2021-05-14,19.77272605895996,31.15999984741211,,25.56999969482422,12.329999923706055,117.23999786376953
2021-05-17,19.799999237060547,31.709999084472656,,25.700000762939453,12.300000190734863,118.30999755859375
2021-05-18,20.009090423583984,32.150001525878906,,25.68000030517578,12.399999618530273,118.19000244140625
2021-05-19,20.118181228637695,32.70000076293945,,25.920000076293945,12.279999732971191,118.01000213623047
2021-05-20,20.3454532623291,32.79999923706055,,26.18000030517578,12.300000190734863,117.91000366210938
2021-05-21,20.399999618530273,33.08000183105469,,26.149999618530273,11.989999771118164,118.01000213623047
2021-05-24,20.472726821899414,32.880001068115234,,26.239999771118164,12.0,119.26000213623047
2021-05-25,20.27272605895996,32.439998626708984,,26.049999237060547,12.149999618530273,118.4000015258789
2021-05-26,20.754545211791992,32.97999954223633,,26.329999923706055,12.0,119.23999786376953
2021-05-27,20.818180084228516,33.43000030517578,,26.229999542236328,12.1899995803833,119.58999633789062
2021-05-28,20.781818389892578,33.540000915527344,,26.479999542236328,12.149999618530273,120.72000122070312
2021-05-31,20.781818389892578,33.4900016784668,,26.56999969482422,12.289999961853027,121.25
2021-06-01,21.154544830322266,33.97999954223633,,27.31999969482422,12.0,123.33000183105469
2021-06-02,21.77272605895996,35.20000076293945,,28.049999237060547,11.9399995803833,124.66999816894531
2021-06-04,21.89090919494629,35.75,,28.549999237060547,11.699999809265137,125.05000305175781
2021-06-07,22.190908432006836,36.52000045776367,,29.149999618530273,11.779999732971191,125.75
2021-06-08,22.100000381469727,36.29999923706055,,28.93000030517578,11.100000381469727,124.70999908447266
2021-06-09,21.790908813476562,35.599998474121094,,29.350000381469727,11.140000343322754,124.87999725341797
2021-06-10,21.954544067382812,35.5,,29.389999389648438,11.779999732971191,125.0
2021-06-11,21.672727584838867,35.400001525878906,,29.030000686645508,11.930000305175781,124.4800033569336
2021-06-14,21.68181800842285,35.619998931884766,,28.829999923706055,12.270000457763672,125.1500015258789
2021-06-15,21.64545440673828,35.5,,28.850000381469727,11.930000305175781,125.18000030517578
2021-06-16,21.690908432006836,35.75,,29.329999923706055,12.100000381469727,124.22000122070312
2021-06-17,21.57272720336914,34.900001525878906,,29.059999465942383,12.539999961853027,123.08999633789062
2021-06-18,21.263635635375977,34.849998474121094,,28.399999618530273,12.600000381469727,123.2699966430664
2021-06-21,21.254545211791992,34.58000183105469,,28.6299991607666,12.84000015258789,124.2300033569336
2021-06-22,21.0,33.849998474121094,,28.479999542236328,12.880000114440918,123.81999969482422
2021-06-23,20.96363639831543,33.849998474121094,,28.239999771118164,12.930000305175781,123.54000091552734
2021-06-24,20.96363639831543,33.91999816894531,,28.15999984741211,13.020000457763672,124.52999877929688
2021-06-25,20.42727279663086,32.900001525878906,,27.40999984741211,12.9399995803833,122.5
2021-06-28,20.27272605895996,32.650001525878906,,27.110000610351562,13.40999984741211,122.44999694824219
2021-06-29,20.100000381469727,32.43000030517578,,26.920000076293945,13.130000114440918,122.30999755859375
2021-06-30,19.872726440429688,32.130001068115234,,26.739999771118164,13.069999694824219,121.80999755859375
2021-07-01,19.672727584838867,31.790000915527344,,26.510000228881836,12.819999694824219,120.7300033569336
2021-07-02,19.9818172454834,32.13999938964844,,26.670000076293945,12.609999656677246,122.77999877929688
2021-07-05,19.299999237060547,31.940000534057617,,26.440000534057617,12.300000190734863,121.97000122070312
2021-07-06,19.0,31.459999084472656,,26.190000534057617,12.180000305175781,120.30000305175781
2021-07-07,19.14545440673828,31.8799991607666,,26.469999313354492,12.180000305175781,122.27999877929688
2021-07-08,18.872726440429688,31.790000915527344,,26.219999313354492,11.800000190734863,120.66000366210938
2021-07-12,19.27272605895996,32.599998474121094,,26.6200008392334,11.699999809265137,122.77999877929688
2021-07-13,19.336362838745117,32.459999084472656,,26.65999984741211,11.569999694824219,123.31999969482422
2021-07-14,19.581817626953125,32.68000030517578,,26.8700008392334,11.40999984741211,123.47000122070312
2021-07-15,19.490909576416016,32.18000030517578,,26.329999923706055,11.020000457763672,122.80000305175781
2021-07-16,19.154544830322266,31.790000915527344,,26.0,10.65999984741211,121.1500015258789
2021-07-19,18.89090919494629,31.549999237060547,,25.75,10.329999923706055,119.73999786376953
2021-07-20,19.09090805053711,32.11000061035156,,26.200000762939453,10.380000114440918,120.5999984741211
2021-07-21,19.18181800842285,32.43000030517578,,26.25,10.520000457763672,121.12000274658203
2021-07-22,18.990909576416016,31.950000762939453,,25.989999771118164,10.789999961853027,121.43000030517578
2021-07-23,18.80908966064453,31.780000686645508,,25.93000030517578,11.4399995803833,120.19999694824219
2021-07-26,18.945453643798828,32.27000045776367,,26.360000610351562,11.920000076293945,121.19999694824219
2021-07-27,18.990909576416016,32.41999816894531,,26.6200008392334,11.399999618530273,119.76000213623047
2021-07-28,19.35454559326172,32.900001525878906,,27.520000457763672,11.270000457763672,121.44999694824219
2021-07-29,19.254545211791992,32.380001068115234,,27.729999542236328,11.34000015258789,120.7300033569336
2021-07-30,18.77272605895996,31.6299991607666,,27.469999313354492,10.960000038146973,117.11000061035156
2021-08-02,18.92727279663086,32.060001373291016,,27.709999084472656,10.920000076293945,117.5999984741211
2021-08-03,19.03636360168457,31.8799991607666,,27.940000534057617,10.880000114440918,118.7300033569336
2021-08-04,18.363636016845703,31.40999984741211,,27.1200008392334,10.630000114440918,116.95999908447266
2021-08-05,18.05454444885254,30.850000381469727,,27.3799991607666,10.460000038146973,116.93000030517578
2021-08-06,18.436363220214844,31.790000915527344,,27.950000762939453,10.579999923706055,118.23999786376953
2021-08-09,18.418180465698242,31.5,,28.149999618530273,10.479999542236328,118.13999938964844
2021-08-10,18.100000381469727,30.700000762939453,,27.780000686645508,10.420000076293945,117.56999969482422
2021-08-11,18.218181610107422,30.399999618530273,,28.079999923706055,10.460000038146973,117.26000213623047
2021-08-12,18.03636360168457,29.739999771118164,,27.600000381469727,10.729999542236328,115.87000274658203
2021-08-13,18.154544830322266,29.5,,27.920000076293945,10.600000381469727,116.55999755859375
2021-08-16,17.972726821899414,29.450000762939453,,27.450000762939453,10.109999656677246,114.62999725341797
2021-08-17,17.96363639831543,29.329999923706055,,27.489999771118164,9.6899995803833,113.3499984741211
2021-08-18,17.718181610107422,29.469999313354492,,27.600000381469727,10.010000228881836,112.05999755859375
2021-08-19,17.836362838745117,29.670000076293945,,27.31999969482422,10.130000114440918,112.8499984741211
2021-08-20,17.763635635375977,29.709999084472656,,27.469999313354492,10.119999885559082,113.6500015258789
2021-08-23,17.790908813476562,29.979999542236328,,27.739999771118164,9.970000267028809,113.05000305175781
2021-08-24,18.318180084228516,30.600000381469727,,28.31999969482422,10.1899995803833,115.62999725341797
2021-08-25,18.263635635375977,30.5,,28.540000915527344,10.279999732971191,116.13999938964844
2021-08-26,17.899999618530273,30.06999969482422,,28.06999969482422,10.130000114440918,114.06999969482422
2021-08-27,18.12727165222168,30.530000686645508,,28.43000030517578,10.079999923706055,116.18000030517578
2021-08-30,17.972726821899414,30.239999771118164,,28.3799991607666,9.9399995803833,115.08000183105469
2021-08-31,18.12727165222168,30.43000030517578,,28.6299991607666,9.869999885559082,114.08000183105469
2021-09-01,18.14545440673828,30.459999084472656,,29.1200008392334,9.8100004196167,114.80000305175781
2021-09-02,17.445453643798828,29.200000762939453,,27.979999542236328,9.510000228881836,112.1500015258789
2021-09-03,17.445453643798828,29.1299991607666,,27.479999542236328,9.729999542236328,112.08999633789062
2021-09-06,17.618181228637695,29.649999618530273,,28.09000015258789,9.539999961853027,113.4800033569336
2021-09-08,16.5,28.399999618530273,,26.59000015258789,9.140000343322754,109.08000183105469
2021-09-09,16.62727165222168,28.899999618530273,,26.979999542236328,9.220000267028809,111.51000213623047
2021-09-10,16.454544067382812,28.989999771118164,,26.799999237060547,9.15999984741211,109.87999725341797
2021-09-13,16.727272033691406,29.6299991607666,,27.149999618530273,9.380000114440918,112.12000274658203
2021-09-14,16.60909080505371,29.229999542236328,,26.93000030517578,9.380000114440918,111.69999694824219
2021-09-15,16.4818172454834,29.0,,26.559999465942383,9.180000305175781,110.68000030517578
2021-09-16,16.172727584838867,29.469999313354492,,26.579999923706055,9.079999923706055,109.44000244140625
2021-09-17,15.709090232849121,28.940000534057617,,25.860000610351562,8.75,107.13999938964844
2021-09-20,15.17272663116455,28.0,,25.3799991607666,8.369999885559082,104.7699966430664
2021-09-21,15.372727394104004,28.709999084472656,,25.360000610351562,8.300000190734863,105.7699966430664
2021-09-22,15.718180656433105,29.3799991607666,,25.969999313354492,8.550000190734863,107.98999786376953
2021-09-23,16.254545211791992,29.450000762939453,,26.850000381469727,8.5600004196167,109.5999984741211
2021-09-24,16.03636360168457,29.219999313354492,,26.489999771118164,8.699999809265137,109.02999877929688
2021-09-27,16.372726440429688,29.8700008392334,,27.190000534057617,8.859999656677246,108.88999938964844
2021-09-28,16.0,29.260000228881836,,26.510000228881836,8.470000267028809,105.83000183105469
2021-09-29,16.245454788208008,29.420000076293945,,26.920000076293945,8.329999923706055,106.83000183105469
2021-09-30,16.23636245727539,28.899999618530273,,27.0,8.270000457763672,106.48999786376953
2021-10-01,16.581817626953125,29.549999237060547,,27.850000381469727,8.4399995803833,108.48999786376953
2021-10-04,15.96363639831543,29.200000762939453,,22.260000228881836,8.0600004196167,106.18000030517578
2021-10-05,16.336362838745117,30.59000015258789,,22.399999618530273,7.949999809265137,106.12000274658203
2021-10-06,16.399999618530273,30.639999389648438,,22.540000915527344,8.0,106.37000274658203
2021-10-07,16.05454444885254,30.31999969482422,,22.190000534057617,7.769999980926514,106.41999816894531
2021-10-08,16.299999237060547,30.959999084472656,,22.309999465942383,7.889999866485596,108.38999938964844
2021-10-11,15.9909086227417,30.719999313354492,,21.8700008392334,8.09000015258789,107.75
2021-10-13,16.07272720336914,30.760000228881836,,21.850000381469727,8.5,109.23999786376953
2021-10-14,15.918181419372559,30.610000610351562,,21.68000030517578,8.640000343322754,108.97000122070312
2021-10-15,16.618181228637695,31.579999923706055,,22.100000381469727,9.6899995803833,110.22000122070312
2021-10-18,16.799999237060547,32.209999084472656,,22.360000610351562,9.899999618530273,109.94999694824219
2021-10-19,16.245454788208008,30.6299991607666,,21.780000686645508,9.65999984741211,106.80000305175781
2021-10-20,16.8454532623291,31.200000762939453,,22.360000610351562,9.59000015258789,106.4000015258789
2021-10-21,16.363636016845703,29.81999969482422,,22.059999465942383,9.140000343322754,103.6500015258789
2021-10-22,15.827272415161133,28.90999984741211,,21.239999771118164,9.039999961853027,102.33000183105469
2021-10-25,16.081817626953125,29.510000228881836,,21.719999313354492,9.399999618530273,104.55000305175781
2021-10-26,15.709090232849121,29.200000762939453,,21.520000457763672,9.020000457763672,102.25
2021-10-27,15.972726821899414,29.170000076293945,,21.59000015258789,8.930000305175781,102.4000015258789
2021-10-28,15.818181037902832,28.90999984741211,,21.450000762939453,8.779999732971191,100.61000061035156
2021-10-29,15.454545021057129,28.5,,21.030000686645508,8.75,99.68000030517578
2021-11-01,15.954545021057129,29.149999618530273,,21.770000457763672,8.970000267028809,101.5199966430664
2021-11-03,15.899999618530273,29.34000015258789,,22.010000228881836,9.0600004196167,102.0
2021-11-04,15.036362648010254,28.649999618530273,,20.920000076293945,9.0600004196167,99.6500015258789
2021-11-05,15.645454406738281,29.290000915527344,,20.65999984741211,9.119999885559082,100.80999755859375
2021-11-08,15.336362838745117,29.479999542236328,,20.610000610351562,9.0,100.83000183105469
2021-11-09,15.218180656433105,29.440000534057617,,20.389999389648438,9.0600004196167,101.38999938964844
2021-11-10,15.936363220214844,30.790000915527344,,20.899999618530273,9.079999923706055,102.0199966430664
2021-11-11,16.09090805053711,30.200000762939453,,20.90999984741211,9.4399995803833,103.55000305175781
2021-11-12,16.14545440673828,30.149999618530273,,20.8799991607666,9.350000381469727,102.12999725341797
2021-11-16,16.10909080505371,29.729999542236328,,20.649999618530273,9.729999542236328,100.36000061035156
2021-11-17,16.16363525390625,29.309999465942383,,20.6200008392334,9.289999961853027,99.25
2021-11-18,15.96363639831543,29.09000015258789,,20.270000457763672,9.300000190734863,98.6500015258789
2021-11-19,15.9909086227417,29.049999237060547,,20.229999542236328,9.460000038146973,99.2699966430664
2021-11-22,15.781818389892578,28.889999389648438,,19.940000534057617,9.329999923706055,98.23999786376953
2021-11-23,16.172727584838867,29.690000534057617,,20.110000610351562,8.850000381469727,100.0
2021-11-24,16.46363639831543,30.239999771118164,,20.649999618530273,8.680000305175781,100.66000366210938
2021-11-25,16.527271270751953,31.809999465942383,,20.829999923706055,8.920000076293945,101.98999786376953
2021-11-26,15.945453643798828,30.760000228881836,,20.360000610351562,8.720000267028809,98.38999938964844
2021-11-29,15.854544639587402,30.809999465942383,,20.280000686645508,8.729999542236328,99.01000213623047
2021-11-30,15.472726821899414,31.84000015258789,,20.100000381469727,8.220000267028809,98.3499984741211
2021-12-01,15.390909194946289,31.299999237060547,,20.010000228881836,8.100000381469727,97.08999633789062
2021-12-02,16.14545440673828,32.15999984741211,,20.65999984741211,8.289999961853027,100.43000030517578
2021-12-03,16.190908432006836,32.20000076293945,,20.700000762939453,8.4399995803833,101.31999969482422
2021-12-06,16.381818771362305,33.06999969482422,,20.8799991607666,8.850000381469727,103.0
2021-12-07,16.16363525390625,32.599998474121094,,20.600000381469727,8.989999771118164,103.62999725341797
2021-12-08,16.118181228637695,32.75,,20.40999984741211,8.9399995803833,104.19999694824219
2021-12-09,15.63636302947998,32.02000045776367,,19.950000762939453,8.760000228881836,102.13999938964844
2021-12-10,15.63636302947998,32.5,,19.959999084472656,8.8100004196167,103.7300033569336
2021-12-13,15.381817817687988,32.22999954223633,,19.520000457763672,8.760000228881836,103.5
2021-12-14,15.590909004211426,32.060001373291016,,19.610000610351562,8.390000343322754,102.69999694824219
2021-12-15,15.581817626953125,31.510000228881836,,19.559999465942383,8.460000038146973,103.19999694824219
2021-12-16,15.745453834533691,31.40999984741211,,19.760000228881836,8.5,104.41000366210938
2021-12-17,15.309089660644531,30.329999923706055,,19.309999465942383,8.300000190734863,103.0999984741211
2021-12-20,15.018180847167969,29.420000076293945,,19.079999923706055,8.220000267028809,101.0
2021-12-21,14.754545211791992,29.5,,19.010000228881836,8.199999809265137,101.41999816894531
2021-12-22,14.790908813476562,29.329999923706055,,19.190000534057617,8.170000076293945,101.43000030517578
2021-12-23,14.772727012634277,29.219999313354492,,19.270000457763672,8.079999923706055,100.8499984741211
2021-12-27,14.927271842956543,29.280000686645508,,19.450000762939453,8.119999885559082,101.5999984741211
2021-12-28,14.918181419372559,29.110000610351562,,19.3799991607666,8.149999618530273,101.05999755859375
2021-12-29,14.809089660644531,28.959999084472656,,19.31999969482422,8.079999923706055,100.25
2021-12-30,14.718180656433105,28.850000381469727,,19.09000015258789,8.359999656677246,100.80000305175781
2022-01-03,15.045454025268555,28.81999969482422,,19.3799991607666,8.069999694824219,99.93000030517578
2022-01-04,15.100000381469727,28.850000381469727,,19.809999465942383,8.010000228881836,99.56999969482422
2022-01-05,15.0,28.3700008392334,,19.40999984741211,7.849999904632568,97.0999984741211
2022-01-06,15.163636207580566,28.600000381469727,,19.760000228881836,7.900000095367432,97.8499984741211
2022-01-07,15.227272033691406,28.6299991607666,,20.06999969482422,7.989999771118164,98.69999694824219
2022-01-10,15.427271842956543,28.780000686645508,,20.18000030517578,7.909999847412109,98.43000030517578
2022-01-11,15.581817626953125,28.899999618530273,,20.469999313354492,7.869999885559082,100.0999984741211
2022-01-12,15.445453643798828,29.18000030517578,,20.479999542236328,7.929999828338623,101.91000366210938
2022-01-13,15.618181228637695,29.649999618530273,,20.739999771118164,8.09000015258789,101.55000305175781
2022-01-14,15.854544639587402,30.40999984741211,,20.75,8.1899995803833,103.06999969482422
2022-01-17,15.945453643798828,30.469999313354492,,20.690000534057617,8.15999984741211,102.58000183105469
2022-01-18,16.03636360168457,30.739999771118164,,20.81999969482422,7.880000114440918,102.8499984741211
2022-01-19,16.01818084716797,31.010000228881836,,20.65999984741211,7.900000095367432,104.05000305175781
2022-01-20,15.945453643798828,31.200000762939453,,20.479999542236328,8.199999809265137,104.9000015258789
2022-01-21,15.863636016845703,31.200000762939453,,20.489999771118164,8.3100004196167,104.69999694824219
2022-01-24,16.027271270751953,31.350000381469727,,20.479999542236328,8.220000267028809,104.08000183105469
2022-01-25,16.581817626953125,32.15999984741211,,21.1299991607666,8.079999923706055,106.33000183105469
2022-01-26,16.59090805053711,31.850000381469727,,21.329999923706055,8.079999923706055,107.38999938964844
2022-01-27,16.700000762939453,32.290000915527344,,21.489999771118164,8.15999984741211,108.19999694824219
2022-01-28,16.909090042114258,32.4900016784668,,21.75,8.470000267028809,107.58000183105469
2022-01-31,17.09090805053711,32.65999984741211,,22.09000015258789,9.0,107.9800033569336
2022-02-01,17.09090805053711,32.61000061035156,,22.31999969482422,9.069999694824219,109.1500015258789
2022-02-02,16.790908813476562,32.06999969482422,,22.030000686645508,8.819999694824219,107.69000244140625
2022-02-03,17.027271270751953,32.290000915527344,,22.209999084472656,8.84000015258789,107.7699966430664
2022-02-04,17.063636779785156,32.22999954223633,,22.34000015258789,8.899999618530273,108.0199966430664
2022-02-07,17.09090805053711,31.860000610351562,,22.229999542236328,8.960000038146973,107.72000122070312
2022-02-08,17.154544830322266,32.20000076293945,,22.3799991607666,8.930000305175781,108.2300033569336
2022-02-09,15.645454406738281,31.920000076293945,,21.489999771118164,9.0600004196167,108.2300033569336
2022-02-10,15.772727012634277,32.27000045776367,,21.770000457763672,9.079999923706055,109.0999984741211
2022-02-11,15.936363220214844,33.400001525878906,,22.860000610351562,9.270000457763672,109.30999755859375
2022-02-14,16.05454444885254,33.540000915527344,,22.68000030517578,9.380000114440918,109.5199966430664
2022-02-15,16.23636245727539,35.130001068115234,,22.940000534057617,9.380000114440918,110.5999984741211
2022-02-16,16.372726440429688,35.33000183105469,,22.84000015258789,9.170000076293945,110.7699966430664
2022-02-17,16.209089279174805,35.33000183105469,,22.43000030517578,8.800000190734863,109.0999984741211
2022-02-18,16.281818389892578,36.04999923706055,,22.540000915527344,8.6899995803833,108.51000213623047
2022-02-21,16.009090423583984,35.279998779296875,,22.09000015258789,8.4399995803833,107.44999694824219
2022-02-22,16.009090423583984,35.61000061035156,,22.219999313354492,8.460000038146973,109.0
2022-02-23,15.818181037902832,35.790000915527344,,21.959999084472656,8.399999618530273,107.58000183105469
2022-02-24,15.46363639831543,34.650001525878906,,21.510000228881836,8.229999542236328,107.4800033569336
2022-02-25,15.509090423583984,35.209999084472656,,21.829999923706055,8.319999694824219,108.9000015258789
2022-03-02,15.381817817687988,35.599998474121094,,21.440000534057617,8.34000015258789,111.0999984741211
2022-03-03,15.56363582611084,34.77000045776367,,21.440000534057617,8.520000457763672,111.0199966430664
2022-03-04,15.263635635375977,33.900001525878906,,21.020000457763672,8.270000457763672,110.4000015258789
2022-03-07,14.790908813476562,32.45000076293945,,20.549999237060547,7.900000095367432,107.11000061035156
2022-03-08,14.918181419372559,32.70000076293945,,20.5,8.050000190734863,107.29000091552734
2022-03-09,15.772727012634277,34.54999923706055,,21.389999389648438,7.949999809265137,109.77999877929688
2022-03-10,15.62727165222168,34.099998474121094,,21.270000457763672,8.010000228881836,109.4000015258789
2022-03-11,15.4909086227417,33.41999816894531,,21.270000457763672,7.78000020980835,107.69999694824219
2022-03-14,15.645454406738281,33.630001068115234,,21.450000762939453,7.650000095367432,106.04000091552734
2022-03-15,15.56363582611084,33.040000915527344,,21.559999465942383,7.75,104.9000015258789
2022-03-16,15.827272415161133,33.47999954223633,,22.09000015258789,7.599999904632568,107.13999938964844
2022-03-17,15.945453643798828,33.790000915527344,,22.559999465942383,7.909999847412109,108.69999694824219
2022-03-18,15.909090042114258,33.720001220703125,,22.75,8.289999961853027,110.7300033569336
2022-03-21,16.209089279174805,34.40999984741211,,23.18000030517578,8.210000038146973,111.94000244140625
2022-03-22,16.409090042114258,35.099998474121094,,23.559999465942383,8.479999542236328,113.0999984741211
2022-03-23,16.318180084228516,34.91999816894531,,23.420000076293945,8.470000267028809,112.9000015258789
2022-03-24,16.509090423583984,35.31999969482422,,23.40999984741211,8.640000343322754,114.73999786376953
2022-03-25,16.727272033691406,35.29999923706055,,23.43000030517578,8.680000305175781,114.75
2022-03-28,16.654544830322266,34.959999084472656,,23.420000076293945,8.850000381469727,114.51000213623047
2022-03-29,16.863636016845703,35.11000061035156,,23.90999984741211,8.979999542236328,115.75
2022-03-30,16.790908813476562,34.900001525878906,,23.920000076293945,8.869999885559082,115.9000015258789
2022-03-31,16.60909080505371,34.70000076293945,,23.600000381469727,8.890000343322754,115.5999984741211
2022-04-01,16.5,34.68000030517578,,23.639999389648438,8.779999732971191,117.19999694824219
2022-04-04,16.42727279663086,34.36000061035156,,23.5,8.5,116.80000305175781
2022-04-05,15.9909086227417,33.45000076293945,,22.899999618530273,8.119999885559082,114.51000213623047
2022-04-06,15.863636016845703,33.619998931884766,,22.81999969482422,8.119999885559082,113.87000274658203
2022-04-07,15.918181419372559,34.2400016784668,,22.81999969482422,8.149999618530273,114.6500015258789
2022-04-08,16.0,34.849998474121094,,22.8799991607666,8.09000015258789,113.9800033569336
2022-04-11,16.027271270751953,35.06999969482422,,22.770000457763672,8.020000457763672,112.56999969482422
2022-04-12,15.918181419372559,35.0,,22.389999389648438,8.149999618530273,111.7699966430664
2022-04-13,16.07272720336914,35.16999816894531,,22.440000534057617,7.96999979019165,112.5199966430664
2022-04-14,16.118181228637695,35.20000076293945,,22.600000381469727,7.929999828338623,111.6500015258789
2022-04-18,16.42727279663086,36.5,,22.670000076293945,8.3100004196167,111.45999908447266
2022-04-19,16.1299991607666,35.209999084472656,,22.3799991607666,8.300000190734863,110.91999816894531
2022-04-20,16.079999923706055,35.15999984741211,,22.399999618530273,8.40999984741211,110.05000305175781
2022-04-22,15.84000015258789,34.43000030517578,,21.969999313354492,7.78000020980835,106.75
2022-04-25,15.760000228881836,34.70000076293945,,22.040000915527344,7.800000190734863,106.76000213623047
2022-04-26,15.15999984741211,33.91999816894531,,21.3700008392334,7.670000076293945,104.27999877929688
2022-04-27,15.15999984741211,34.06999969482422,,21.059999465942383,7.849999904632568,105.5199966430664
2022-04-28,15.020000457763672,34.0099983215332,,20.8799991607666,8.020000457763672,105.86000061035156
2022-04-29,14.90999984741211,33.220001220703125,,20.079999923706055,7.840000152587891,103.4000015258789
2022-05-02,14.779999732971191,32.97999954223633,,20.299999237060547,7.71999979019165,102.72000122070312
2022-05-03,14.84000015258789,33.65999984741211,,20.420000076293945,7.710000038146973,102.72000122070312
2022-05-04,15.010000228881836,34.63999938964844,,20.3799991607666,7.989999771118164,104.37999725341797
2022-05-05,14.5600004196167,33.7400016784668,,19.969999313354492,7.670000076293945,101.5
2022-05-06,14.850000381469727,33.849998474121094,,20.200000762939453,7.539999961853027,101.2300033569336
2022-05-09,15.069999694824219,33.939998626708984,,20.06999969482422,7.599999904632568,99.68000030517578
2022-05-10,15.109999656677246,33.54999923706055,,20.010000228881836,7.460000038146973,99.23999786376953
2022-05-11,15.359999656677246,34.290000915527344,,20.5,7.389999866485596,100.63999938964844
2022-05-12,15.4399995803833,35.15999984741211,,20.90999984741211,7.440000057220459,102.04000091552734
2022-05-13,15.65999984741211,35.11000061035156,,21.1299991607666,7.489999771118164,103.29000091552734
2022-05-16,16.0,35.11000061035156,,21.229999542236328,7.440000057220459,104.4000015258789
2022-05-17,16.309999465942383,36.43000030517578,,21.530000686645508,7.480000019073486,104.9000015258789
2022-05-18,16.010000228881836,35.90999984741211,,21.270000457763672,7.550000190734863,102.20999908447266
2022-05-19,15.979999542236328,35.70000076293945,,21.25,7.800000190734863,103.08000183105469
2022-05-20,16.290000915527344,37.0,,21.450000762939453,7.639999866485596,104.66000366210938
2022-05-23,16.450000762939453,38.560001373291016,,21.989999771118164,7.630000114440918,106.76000213623047
2022-05-24,16.770000457763672,37.79999923706055,,22.360000610351562,7.690000057220459,106.63999938964844
2022-05-25,16.610000610351562,37.56999969482422,,21.93000030517578,7.610000133514404,106.66000366210938
2022-05-26,16.68000030517578,37.459999084472656,,22.1299991607666,7.610000133514404,108.0199966430664
2022-05-27,16.799999237060547,37.04999923706055,,22.31999969482422,7.820000171661377,107.9000015258789
2022-05-30,16.670000076293945,36.06999969482422,,22.200000762939453,7.769999980926514,106.91999816894531
2022-05-31,16.8799991607666,36.619998931884766,,22.399999618530273,7.860000133514404,107.18000030517578
2022-06-01,16.600000381469727,36.689998626708984,,22.09000015258789,7.769999980926514,107.47000122070312
2022-06-02,16.600000381469727,36.720001220703125,,22.09000015258789,7.710000038146973,108.43000030517578
2022-06-03,16.5,36.209999084472656,,21.969999313354492,7.619999885559082,107.4800033569336
2022-06-06,16.420000076293945,35.7599983215332,,21.969999313354492,7.449999809265137,106.41999816894531
2022-06-07,16.280000686645508,35.5099983215332,,22.030000686645508,7.329999923706055,106.1500015258789
2022-06-08,16.100000381469727,35.189998626708984,,21.6299991607666,7.329999923706055,104.5999984741211
2022-06-09,16.1200008392334,35.13999938964844,,21.190000534057617,7.199999809265137,103.68000030517578
2022-06-10,15.90999984741211,34.54999923706055,,20.690000534057617,7.130000114440918,101.81999969482422
2022-06-13,15.65999984741211,33.7599983215332,,20.350000381469727,6.929999828338623,99.12000274658203
2022-06-14,15.539999961853027,33.52000045776367,,20.280000686645508,6.949999809265137,98.36000061035156
2022-06-15,15.649999618530273,34.04999923706055,,20.229999542236328,7.010000228881836,99.37999725341797
2022-06-17,15.399999618530273,34.130001068115234,,19.989999771118164,7.019999980926514,96.20999908447266
2022-06-20,15.710000038146973,34.38999938964844,,20.84000015258789,7.019999980926514,96.29000091552734
2022-06-21,15.420000076293945,32.97999954223633,,20.75,7.179999828338623,96.4000015258789
2022-06-22,15.34000015258789,32.86000061035156,,20.520000457763672,7.110000133514404,96.02999877929688
2022-06-23,14.970000267028809,32.650001525878906,,20.049999237060547,7.050000190734863,94.66000366210938
2022-06-24,14.949999809265137,32.459999084472656,,20.0,7.050000190734863,95.47000122070312
2022-06-27,15.079999923706055,33.130001068115234,,20.219999313354492,7.050000190734863,97.3499984741211
2022-06-28,14.9399995803833,33.25,,20.09000015258789,7.039999961853027,97.05000305175781
2022-06-29,14.720000267028809,33.08000183105469,,19.899999618530273,7.03000020980835,96.0
2022-06-30,14.380000114440918,33.380001068115234,,19.530000686645508,6.929999828338623,95.0
2022-07-01,14.40999984741211,33.150001525878906,,19.56999969482422,6.940000057220459,95.62999725341797
2022-07-04,14.239999771118164,33.040000915527344,,19.450000762939453,6.820000171661377,95.19999694824219
2022-07-05,14.289999961853027,32.86000061035156,,19.559999465942383,6.809999942779541,94.80000305175781
2022-07-06,14.239999771118164,32.650001525878906,,19.43000030517578,6.800000190734863,95.41999816894531
2022-07-07,14.420000076293945,33.130001068115234,,19.780000686645508,6.889999866485596,97.37999725341797
2022-07-08,14.470000267028809,33.45000076293945,,19.81999969482422,6.849999904632568,96.87999725341797
2022-07-11,14.25,32.900001525878906,,19.56999969482422,6.739999771118164,94.80000305175781
2022-07-12,14.210000038146973,33.0099983215332,,19.559999465942383,6.679999828338623,94.9000015258789
2022-07-13,13.9399995803833,32.650001525878906,,19.510000228881836,6.650000095367432,94.51000213623047
2022-07-14,13.630000114440918,32.61000061035156,,19.229999542236328,6.639999866485596,92.55000305175781
2022-07-15,13.75,33.279998779296875,,19.610000610351562,6.829999923706055,93.2699966430664
2022-07-18,13.859999656677246,33.75,,19.770000457763672,6.730000019073486,93.37000274658203
2022-07-19,14.329999923706055,34.65999984741211,,20.309999465942383,6.829999923706055,94.69999694824219
2022-07-20,14.100000381469727,34.66999816894531,,19.969999313354492,6.860000133514404,94.94999694824219
2022-07-21,14.270000457763672,34.90999984741211,,20.15999984741211,6.909999847412109,95.3499984741211
2022-07-22,14.15999984741211,34.66999816894531,,19.979999542236328,7.0,95.41999816894531
2022-07-25,14.3100004196167,35.20000076293945,,20.25,6.989999771118164,96.75
2022-07-26,14.279999732971191,35.31999969482422,,20.149999618530273,6.920000076293945,96.1500015258789
2022-07-27,14.359999656677246,35.54999923706055,,20.1299991607666,7.25,97.83000183105469
2022-07-28,14.420000076293945,36.209999084472656,,20.25,7.360000133514404,99.0999984741211
2022-07-29,14.470000267028809,35.970001220703125,,20.280000686645508,7.449999809265137,99.30000305175781
2022-08-01,14.4399995803833,35.68000030517578,,20.15999984741211,7.389999866485596,98.55999755859375
2022-08-02,14.640000343322754,36.15999984741211,,20.3799991607666,7.369999885559082,99.52999877929688
2022-08-03,14.819999694824219,36.40999984741211,,20.530000686645508,7.300000190734863,100.19999694824219
2022-08-04,15.180000305175781,37.099998474121094,,20.940000534057617,7.619999885559082,102.4800033569336
2022-08-05,15.319999694824219,37.790000915527344,,21.290000915527344,7.650000095367432,102.73999786376953
2022-08-08,15.359999656677246,38.97999954223633,3.9800000190734863,21.520000457763672,7.960000038146973,104.80000305175781
2022-08-09,15.600000381469727,39.630001068115234,3.5999999046325684,22.1200008392334,7.909999847412109,105.05000305175781
2022-08-10,15.850000381469727,39.970001220703125,3.7300000190734863,22.489999771118164,7.960000038146973,106.55999755859375
2022-08-11,15.930000305175781,41.7400016784668,3.5299999713897705,22.600000381469727,7.949999809265137,105.87999725341797
2022-08-12,16.219999313354492,44.099998474121094,3.5899999141693115,22.799999237060547,8.180000305175781,108.63999938964844
2022-08-15,16.020000457763672,42.9900016784668,3.940000057220459,23.0,8.609999656677246,108.97000122070312
2022-08-16,16.299999237060547,43.20000076293945,4.710000038146973,23.260000228881836,9.279999732971191,109.76000213623047
2022-08-17,16.360000610351562,42.810001373291016,4.380000114440918,23.329999923706055,9.130000114440918,109.98999786376953
2022-08-18,16.43000030517578,41.81999969482422,4.300000190734863,23.280000686645508,9.029999732971191,109.94000244140625
2022-08-19,16.209999084472656,41.04999923706055,3.990000009536743,22.700000762939453,9.15999984741211,107.52999877929688
2022-08-22,16.030000686645508,41.470001220703125,3.859999895095825,22.450000762939453,9.0,106.7300033569336
2022-08-23,16.1200008392334,41.52000045776367,3.8499999046325684,22.450000762939453,9.210000038146973,109.0999984741211
2022-08-24,16.059999465942383,40.83000183105469,4.230000019073486,22.600000381469727,9.260000228881836,109.18000030517578
2022-08-25,16.170000076293945,41.79999923706055,4.25,22.799999237060547,9.119999885559082,109.5999984741211
2022-08-26,16.09000015258789,41.59000015258789,4.139999866485596,22.739999771118164,9.210000038146973,108.36000061035156
2022-08-29,16.139999389648438,42.45000076293945,4.139999866485596,22.6299991607666,9.130000114440918,108.4000015258789
2022-08-30,16.1299991607666,42.33000183105469,4.110000133514404,22.56999969482422,9.0600004196167,106.4000015258789
2022-08-31,15.84000015258789,41.689998626708984,4.179999828338623,22.139999389648438,9.109999656677246,105.83000183105469
2022-09-01,15.84000015258789,42.33000183105469,4.210000038146973,22.280000686645508,8.920000076293945,106.58999633789062
2022-09-02,15.930000305175781,42.529998779296875,4.199999809265137,22.600000381469727,9.09000015258789,107.08999633789062
2022-09-05,16.059999465942383,41.630001068115234,4.300000190734863,22.84000015258789,9.020000457763672,108.44999694824219
2022-09-06,15.90999984741211,39.630001068115234,4.110000133514404,22.780000686645508,8.949999809265137,105.94999694824219
2022-09-08,15.850000381469727,39.459999084472656,4.400000095367432,22.690000534057617,8.829999923706055,106.18000030517578
2022-09-09,16.0,40.54999923706055,4.599999904632568,22.829999923706055,8.899999618530273,108.4000015258789
2022-09-12,16.229999542236328,41.18000030517578,4.639999866485596,23.010000228881836,8.949999809265137,109.55000305175781
2022-09-13,16.0,40.220001220703125,4.550000190734863,22.829999923706055,8.90999984741211,106.9800033569336
2022-09-14,15.90999984741211,40.2599983215332,4.599999904632568,22.68000030517578,8.899999618530273,106.75
2022-09-15,15.84000015258789,39.849998474121094,4.760000228881836,22.700000762939453,8.960000038146973,106.11000061035156
2022-09-16,15.680000305175781,39.400001525878906,4.559999942779541,22.649999618530273,8.630000114440918,105.5999984741211
2022-09-19,16.059999465942383,40.18000030517578,4.559999942779541,23.290000915527344,9.0,108.22000122070312
2022-09-20,16.649999618530273,40.790000915527344,4.440000057220459,23.950000762939453,9.100000381469727,108.8499984741211
2022-09-21,16.540000915527344,40.5,4.5,23.850000381469727,9.100000381469727,108.16000366210938
2022-09-22,16.8700008392334,41.2400016784668,4.210000038146973,24.219999313354492,8.970000267028809,110.12999725341797
2022-09-23,16.520000457763672,40.72999954223633,4.079999923706055,23.8799991607666,8.920000076293945,107.83999633789062
2022-09-26,16.149999618530273,39.029998779296875,4.03000020980835,23.280000686645508,8.720000267028809,105.12999725341797
2022-09-27,16.030000686645508,38.540000915527344,4.079999923706055,23.219999313354492,8.75,104.68000030517578
2022-09-28,16.09000015258789,38.54999923706055,4.230000019073486,23.100000381469727,8.670000076293945,104.81999969482422
2022-09-29,16.260000228881836,38.34000015258789,3.940000057220459,23.440000534057617,8.420000076293945,103.80000305175781
2022-09-30,16.309999465942383,38.52000045776367,3.950000047683716,23.520000457763672,8.510000228881836,106.45999908447266
2022-10-03,17.389999389648438,41.459999084472656,4.059999942779541,24.75,8.84000015258789,112.4000015258789
2022-10-04,17.290000915527344,39.22999954223633,4.179999828338623,24.889999389648438,8.760000228881836,112.3499984741211
2022-10-05,17.559999465942383,39.86000061035156,4.320000171661377,24.889999389648438,8.84000015258789,113.31999969482422
2022-10-06,17.34000015258789,40.56999969482422,4.070000171661377,24.59000015258789,8.770000457763672,113.47000122070312
2022-10-07,16.920000076293945,40.65999984741211,3.809999942779541,24.510000228881836,8.729999542236328,112.77999877929688
2022-10-10,16.760000228881836,40.06999969482422,3.6600000858306885,24.219999313354492,8.720000267028809,112.08000183105469
2022-10-11,16.600000381469727,39.11000061035156,3.5299999713897705,24.15999984741211,8.670000076293945,110.88999938964844
2022-10-13,16.3799991607666,39.380001068115234,3.609999895095825,23.989999771118164,8.739999771118164,110.26000213623047
2022-10-14,16.309999465942383,39.15999984741211,3.630000114440918,24.010000228881836,8.670000076293945,108.22000122070312
2022-10-17,16.43000030517578,39.4900016784668,3.819999933242798,24.149999618530273,8.770000457763672,109.9000015258789
2022-10-18,16.579999923706055,39.95000076293945,3.7899999618530273,24.639999389648438,8.890000343322754,111.94000244140625
2022-10-19,16.700000762939453,41.650001525878906,3.759999990463257,24.709999084472656,9.0,112.3499984741211
2022-10-20,16.920000076293945,43.599998474121094,3.75,25.110000610351562,8.890000343322754,112.9000015258789
2022-10-21,17.3700008392334,44.68000030517578,3.859999895095825,25.84000015258789,8.960000038146973,116.43000030517578
2022-10-24,16.559999465942383,40.20000076293945,3.740000009536743,25.0,8.800000190734863,112.13999938964844
2022-10-25,16.440000534057617,39.5099983215332,4.019999980926514,24.889999389648438,8.670000076293945,110.4800033569336
2022-10-26,15.800000190734863,38.11000061035156,3.9200000762939453,24.440000534057617,8.319999694824219,108.77999877929688
2022-10-27,16.110000610351562,38.59000015258789,3.869999885559082,24.709999084472656,8.539999961853027,110.0
2022-10-28,16.229999542236328,38.81999969482422,4.0,24.799999237060547,8.779999732971191,113.0
2022-10-31,16.639999389648438,37.02000045776367,4.300000190734863,25.420000076293945,8.819999694824219,112.1500015258789
2022-11-01,16.709999084472656,37.900001525878906,4.309999942779541,25.270000457763672,8.949999809265137,112.80999755859375
2022-11-03,16.360000610351562,38.689998626708984,4.179999828338623,25.360000610351562,9.010000228881836,113.0999984741211
2022-11-04,16.31999969482422,39.2599983215332,4.059999942779541,25.43000030517578,8.789999961853027,114.0
2022-11-07,15.890000343322754,37.88999938964844,4.099999904632568,24.950000762939453,8.609999656677246,111.22000122070312
2022-11-08,15.800000190734863,38.06999969482422,4.369999885559082,24.920000076293945,8.5600004196167,112.30000305175781
2022-11-09,13.270000457763672,37.060001373291016,4.059999942779541,23.649999618530273,8.600000381469727,109.75
2022-11-10,12.850000381469727,36.33000183105469,4.090000152587891,23.3700008392334,8.170000076293945,106.0999984741211
2022-11-11,13.0,35.52000045776367,3.950000047683716,22.899999618530273,8.220000267028809,108.55000305175781
2022-11-14,13.100000381469727,36.400001525878906,3.8399999141693115,22.899999618530273,8.569999694824219,109.23999786376953
2022-11-16,13.010000228881836,35.25,4.210000038146973,22.600000381469727,8.210000038146973,106.04000091552734
2022-11-17,13.199999809265137,34.5,3.950000047683716,22.6299991607666,7.900000095367432,105.69000244140625
2022-11-18,13.260000228881836,34.380001068115234,3.8499999046325684,22.81999969482422,7.940000057220459,104.8499984741211
2022-11-21,13.149999618530273,35.20000076293945,3.759999990463257,22.700000762939453,8.010000228881836,106.08000183105469
2022-11-22,13.170000076293945,34.040000915527344,3.700000047683716,22.520000457763672,7.909999847412109,105.06999969482422
2022-11-23,13.119999885559082,34.459999084472656,3.890000104904175,22.309999465942383,8.039999961853027,105.23999786376953
2022-11-24,13.350000381469727,35.02000045776367,3.890000104904175,22.84000015258789,8.229999542236328,108.19999694824219
2022-11-25,13.180000305175781,34.209999084472656,3.9200000762939453,22.360000610351562,8.149999618530273,105.06999969482422
2022-11-28,13.130000114440918,34.83000183105469,3.7699999809265137,22.100000381469727,8.020000457763672,105.1500015258789
2022-11-29,13.34000015258789,35.25,3.740000009536743,22.200000762939453,8.09000015258789,107.29000091552734
2022-11-30,13.760000228881836,35.279998779296875,3.7799999713897705,22.520000457763672,8.050000190734863,108.58000183105469
2022-12-01,13.420000076293945,35.2400016784668,3.700000047683716,22.489999771118164,8.1899995803833,107.05999755859375
2022-12-02,13.369999885559082,36.029998779296875,3.809999942779541,22.56999969482422,8.15999984741211,107.94999694824219
2022-12-05,13.020000457763672,35.20000076293945,3.569999933242798,22.15999984741211,8.119999885559082,105.62999725341797
2022-12-06,13.210000038146973,35.560001373291016,3.5,22.360000610351562,7.949999809265137,106.73999786376953
2022-12-07,13.140000343322754,35.47999954223633,3.4000000953674316,22.389999389648438,7.909999847412109,105.58999633789062
2022-12-08,12.899999618530273,35.029998779296875,3.5399999618530273,21.65999984741211,7.960000038146973,103.56999969482422
2022-12-09,12.8100004196167,34.97999954223633,3.380000114440918,21.020000457763672,8.010000228881836,103.9000015258789
2022-12-12,12.569999694824219,33.790000915527344,3.5199999809265137,20.719999313354492,7.849999904632568,101.80000305175781
2022-12-13,12.199999809265137,31.860000610351562,3.4100000858306885,20.09000015258789,7.5,100.30000305175781
2022-12-14,12.489999771118164,31.06999969482422,3.3399999141693115,20.299999237060547,7.519999980926514,100.69999694824219
2022-12-15,12.329999923706055,31.950000762939453,3.299999952316284,20.459999084472656,7.46999979019165,100.5
2022-12-16,12.399999618530273,32.599998474121094,3.390000104904175,20.530000686645508,7.730000019073486,99.4000015258789
2022-12-19,12.649999618530273,32.95000076293945,3.309999942779541,20.850000381469727,7.75,101.37000274658203
2022-12-20,13.0600004196167,33.79999923706055,3.3299999237060547,21.31999969482422,8.0,103.55000305175781
2022-12-21,13.140000343322754,34.119998931884766,3.3499999046325684,21.510000228881836,8.119999885559082,103.87000274658203
2022-12-22,13.180000305175781,34.43000030517578,3.319999933242798,21.56999969482422,8.1899995803833,103.93000030517578
2022-12-23,13.359999656677246,35.279998779296875,3.3499999046325684,21.860000610351562,8.380000114440918,106.0
2022-12-26,13.050000190734863,35.22999954223633,3.2899999618530273,21.579999923706055,8.300000190734863,105.1500015258789
2022-12-27,13.130000114440918,34.060001373291016,3.3499999046325684,21.3799991607666,8.140000343322754,104.9000015258789
2022-12-28,13.529999732971191,34.66999816894531,3.4000000953674316,21.93000030517578,8.25,106.80000305175781
2022-12-29,13.470000267028809,34.72999954223633,3.509999990463257,21.889999389648438,8.350000381469727,105.94999694824219
